generacion,precision_train,precision_test,t_evaluar,t_especiar,t_cruzar,t_mutar,conexiones_prom
0,0.1815,0.175,0.635932,0.200318,0.387485,9.9237e-05,1970
1,0.209,-1,0.64594,0.235271,0.382863,0.000252282,1970.05
2,0.2305,-1,0.667941,0.201016,0.381009,0.000142633,1970.17
3,0.2455,-1,0.65065,0.200964,0.381938,0.000279173,1970.12
4,0.2515,-1,0.66866,0.201214,0.381673,0.000120649,1970.16
5,0.3035,-1,0.658812,0.201735,0.383185,0.000197542,1970.12
6,0.3035,-1,0.645092,0.202252,0.381446,0.000178833,1970.04
7,0.3305,-1,0.662619,0.202087,0.383785,0.00036267,1970.13
8,0.371,-1,0.652802,0.201702,0.38302,0.000266772,1970.09
9,0.3735,-1,0.669531,0.202906,0.381863,0.00019742,1970.13
10,0.383,0.313,0.661567,0.201848,0.386603,0.000140793,1970.12
11,0.4195,-1,0.651143,0.201023,0.381681,0.000262965,1970.07
12,0.4195,-1,0.662446,0.200583,0.380836,0.00015879,1970.12
13,0.421,-1,0.672229,0.201634,0.382026,0.000242982,1970.16
14,0.431,-1,0.706994,0.201199,0.382664,0.000128166,1970.32
15,0.4385,-1,0.731232,0.2015,0.382699,0.00028738,1970.45
16,0.472,-1,0.727089,0.201208,0.383538,0.000123593,1970.45
17,0.472,-1,0.715775,0.200465,0.382622,0.000218398,1970.39
18,0.472,-1,0.708344,0.201868,0.382123,0.00015432,1970.39
19,0.472,-1,0.703533,0.200612,0.382644,0.000223889,1970.35
20,0.4765,0.429,0.676373,0.200409,0.38495,0.000271729,1970.2
21,0.4765,-1,0.705457,0.200606,0.381972,0.000278987,1970.33
22,0.4765,-1,0.726499,0.199897,0.381361,0.000160418,1970.44
23,0.508,-1,0.715264,0.200446,0.382456,9.506e-05,1970.4
24,0.508,-1,0.683073,0.200486,0.381522,0.000215974,1970.27
25,0.508,-1,0.694927,0.199915,0.382186,0.00032361,1970.36
26,0.508,-1,0.719618,0.201218,0.383393,0.000224547,1970.45
27,0.508,-1,0.696474,0.200853,0.383718,0.000149675,1970.28
28,0.508,-1,0.696495,0.20149,0.384132,0.000207455,1970.29
29,0.511,-1,0.731219,0.20066,0.3832,0.000155759,1970.49
30,0.518,0.478,0.734934,0.201129,0.383701,0.000207732,1970.55
31,0.518,-1,0.728603,0.201085,0.381516,0.000264087,1970.51
32,0.5245,-1,0.709032,0.20092,0.383665,0.000386657,1970.41
33,0.5245,-1,0.734282,0.200732,0.381968,0.00031828,1970.56
34,0.529,-1,0.727579,0.201074,0.383908,0.000228408,1970.54
35,0.529,-1,0.748036,0.201928,0.383167,0.000182431,1970.58
36,0.529,-1,0.786243,0.19981,0.382775,0.000163043,1970.75
37,0.5335,-1,0.820068,0.199785,0.381844,0.000243087,1971.02
38,0.535,-1,0.86189,0.200323,0.382177,0.000204913,1971.33
39,0.535,-1,0.814008,0.199243,0.382056,0.000126638,1970.99
40,0.535,0.485,0.812649,0.200688,0.38478,0.0001759,1970.97
41,0.552,-1,0.807779,0.199814,0.381934,0.000214254,1970.93
42,0.5655,-1,0.787502,0.200528,0.382918,0.000262387,1970.89
43,0.5655,-1,0.79415,0.200772,0.382963,0.000287101,1970.8
44,0.5655,-1,0.825728,0.200191,0.382946,0.000260761,1971.03
45,0.5655,-1,0.788182,0.199755,0.381869,0.000202282,1970.81
46,0.5655,-1,0.785846,0.200121,0.382389,0.000245681,1971.05
47,0.5655,-1,0.800109,0.199949,0.382442,0.000345807,1971.17
48,0.5655,-1,0.815558,0.200341,0.381452,0.000171559,1971.55
49,0.5655,-1,0.797165,0.199645,0.381189,0.000150353,1971.15
50,0.5655,0.526,0.782481,0.199519,0.384041,0.000131579,1971.07
51,0.5705,-1,0.813931,0.199868,0.382135,6.1196e-05,1970.99
52,0.5705,-1,0.798807,0.19913,0.381479,0.000151954,1970.8
53,0.5705,-1,0.790243,0.19947,0.381469,0.000270405,1970.8
54,0.573,-1,0.80743,0.199874,0.381269,0.000214171,1970.89
55,0.5785,-1,0.828483,0.199419,0.380501,0.000335013,1970.93
56,0.5785,-1,0.822105,0.199694,0.381823,0.000170978,1970.92
57,0.6095,-1,0.830962,0.199841,0.381021,0.000197425,1970.97
58,0.6095,-1,0.837958,0.19962,0.380787,0.00022257,1971.03
59,0.6095,-1,0.769667,0.199472,0.381886,0.000276223,1970.67
60,0.6095,0.564,0.729254,0.19963,0.383123,0.000189922,1970.47
61,0.6095,-1,0.728622,0.199311,0.381351,0.000197155,1970.44
62,0.6095,-1,0.731681,0.199454,0.381437,0.000204905,1970.47
63,0.6095,-1,0.731749,0.19937,0.381575,0.00014315,1970.47
64,0.613,-1,0.729044,0.200108,0.382058,0.000168243,1970.46
65,0.613,-1,0.717491,0.19898,0.381322,0.000209934,1970.41
66,0.613,-1,0.728943,0.199522,0.380742,0.000236237,1970.49
67,0.613,-1,0.728488,0.199169,0.381699,0.000123841,1970.48
68,0.613,-1,0.722779,0.199253,0.381617,0.000179772,1970.43
69,0.613,-1,0.725783,0.198829,0.381794,0.000207611,1970.45
70,0.613,0.56,0.71642,0.200582,0.382882,0.000110405,1970.41
71,0.613,-1,0.752138,0.198847,0.381598,0.000259209,1970.59
72,0.613,-1,0.763198,0.199359,0.380915,0.000214198,1970.64
73,0.613,-1,0.728809,0.198805,0.380655,0.000198735,1970.46
74,0.613,-1,0.754886,0.199536,0.380774,0.000173978,1970.61
75,0.624,-1,0.760502,0.199631,0.381531,0.000193727,1970.59
76,0.624,-1,0.766513,0.199763,0.381327,9.5185e-05,1970.66
77,0.624,-1,0.755361,0.19894,0.381268,0.000261147,1970.63
78,0.624,-1,0.74603,0.199506,0.380537,0.000121074,1970.55
79,0.6285,-1,0.7375,0.199347,0.381694,0.00023926,1970.47
80,0.6285,0.55,0.786877,0.19935,0.384901,0.000277057,1970.69
81,0.6285,-1,0.824608,0.199325,0.381531,0.000249899,1970.88
82,0.6285,-1,0.847269,0.1991,0.382059,0.000202152,1971.01
83,0.632,-1,0.861772,0.200868,0.381699,0.000235332,1971.11
84,0.632,-1,0.866924,0.198626,0.381367,0.000261009,1971.17
85,0.632,-1,0.888671,0.19928,0.381797,0.000250644,1971.36
86,0.634,-1,0.890793,0.200646,0.382374,0.000278674,1971.28
87,0.634,-1,0.881537,0.198966,0.381554,0.000172644,1971.31
88,0.634,-1,0.857342,0.199623,0.381733,0.000282452,1971.33
89,0.636,-1,0.839311,0.199446,0.381789,0.000218629,1971.09
90,0.636,0.567,0.831323,0.198997,0.385054,0.000136383,1971.02
91,0.636,-1,0.820501,0.199274,0.38087,5.441e-05,1971.03
92,0.643,-1,0.84959,0.198824,0.381615,0.000195663,1971.2
93,0.6475,-1,0.837266,0.199742,0.382238,0.000237973,1971.13
94,0.6475,-1,0.841488,0.198944,0.382323,0.000272423,1971.34
95,0.6475,-1,0.860726,0.199536,0.382036,0.000174943,1971.48
96,0.6475,-1,0.906189,0.199054,0.381718,9.8201e-05,1971.99
97,0.6475,-1,0.91294,0.198704,0.380444,0.00017414,1972.23
98,0.6475,-1,0.909556,0.198778,0.381523,0.000178449,1972.14
99,0.6475,-1,0.937071,0.199305,0.38191,0.000270489,1972.01
100,0.6475,0.59,0.949259,0.199313,0.385701,0.000254647,1972.19
101,0.6475,-1,0.980115,0.198961,0.382204,7.9896e-05,1972.57
102,0.6475,-1,1.01471,0.201083,0.382441,0.000163988,1972.67
103,0.6475,-1,1.0268,0.19921,0.381695,0.000120421,1972.84
104,0.6475,-1,1.03635,0.199148,0.382245,0.0001153,1972.63
105,0.659,-1,1.05152,0.199611,0.382347,0.000249439,1972.74
106,0.659,-1,1.05835,0.198855,0.381429,0.000234312,1973
107,0.659,-1,1.05978,0.199536,0.38316,0.000143001,1973.31
108,0.659,-1,1.06818,0.199585,0.382114,0.000181871,1973.39
109,0.659,-1,1.07322,0.199564,0.381962,0.000188489,1973.23
110,0.659,0.598,1.07765,0.199482,0.385911,0.00026874,1973.32
111,0.659,-1,1.07892,0.199082,0.382285,0.000115913,1973.45
112,0.659,-1,1.07856,0.199305,0.382459,0.000180319,1973.6
113,0.659,-1,1.07799,0.199432,0.381743,0.000153565,1973.49
114,0.659,-1,1.07673,0.198963,0.382717,0.000116891,1973.28
115,0.66,-1,1.07733,0.199711,0.381637,0.00025115,1973.35
116,0.66,-1,1.0784,0.199457,0.382211,0.000202889,1973.54
117,0.6625,-1,1.0761,0.198552,0.381681,0.000282508,1973.11
118,0.6625,-1,1.07654,0.199677,0.38229,0.00019235,1973.23
119,0.6625,-1,1.0778,0.199461,0.382742,0.000130361,1973.47
120,0.6625,0.597,1.07841,0.199229,0.385528,0.000191198,1973.63
121,0.6625,-1,1.08522,0.199459,0.38244,0.000181604,1973.25
122,0.6625,-1,1.0796,0.200578,0.382375,0.000222382,1972.89
123,0.6625,-1,1.08101,0.199443,0.382277,0.000163754,1972.99
124,0.664,-1,1.0829,0.199059,0.382786,0.000111776,1972.8
125,0.6665,-1,1.0751,0.19972,0.381907,0.000194811,1972.79
126,0.668,-1,1.0753,0.198932,0.381831,0.000178911,1972.89
127,0.668,-1,1.07503,0.199742,0.38179,0.000226659,1972.88
128,0.668,-1,1.09511,0.199057,0.381441,0.000252776,1972.61
129,0.671,-1,1.07473,0.199103,0.382144,0.000187893,1972.51
130,0.6715,0.597,1.07415,0.199498,0.385566,0.000190737,1972.31
131,0.6715,-1,1.07436,0.19947,0.381536,0.000143102,1972.26
132,0.6715,-1,1.0757,0.199493,0.381768,0.000136388,1972.47
133,0.679,-1,1.07498,0.199742,0.381665,0.000143709,1972.52
134,0.679,-1,1.07577,0.199312,0.382261,0.000361637,1972.59
135,0.679,-1,1.07529,0.199206,0.382067,0.000148656,1972.63
136,0.679,-1,1.07521,0.199553,0.381585,0.000274079,1972.57
137,0.679,-1,1.07768,0.201663,0.382946,0.000175391,1972.51
138,0.679,-1,1.0805,0.202374,0.382342,0.000206645,1972.75
139,0.6795,-1,1.07692,0.200049,0.382948,0.000247712,1972.95
140,0.6795,0.615,1.07754,0.199753,0.386221,0.000133457,1973.13
141,0.6795,-1,1.0771,0.199377,0.381887,0.000116316,1973.04
142,0.6795,-1,1.07755,0.199186,0.382577,0.000194251,1973.13
143,0.6805,-1,1.07919,0.199919,0.381991,0.000273171,1973.39
144,0.6805,-1,1.07977,0.199461,0.382509,0.000306888,1973.67
145,0.6805,-1,1.08004,0.199989,0.382237,0.000290002,1973.59
146,0.6805,-1,1.08089,0.199464,0.382649,0.000115819,1973.81
147,0.6805,-1,1.08101,0.199665,0.3823,0.000101793,1973.87
148,0.6805,-1,1.08198,0.199436,0.382365,0.000268647,1974.09
149,0.6865,-1,1.0823,0.199593,0.383305,0.000187854,1974.17
150,0.6865,0.601,1.08511,0.202959,0.388104,0.000123574,1974.37
151,0.687,-1,1.08382,0.20352,0.384232,0.000293391,1974.45
152,0.687,-1,1.08661,0.200555,0.383748,0.000276211,1974.43
153,0.687,-1,1.0848,0.199949,0.383866,0.000220793,1974.32
154,0.687,-1,1.08292,0.200469,0.384036,0.000209714,1974.31
155,0.687,-1,1.08295,0.200824,0.384832,0.000217891,1974.41
156,0.687,-1,1.08192,0.201209,0.38543,0.000205493,1974.55
157,0.688,-1,1.08455,0.200805,0.384412,0.000200853,1974.75
158,0.6885,-1,1.08468,0.200425,0.384405,0.000184745,1974.77
159,0.6885,-1,1.08284,0.199911,0.3837,0.000159132,1974.69
160,0.6885,0.602,1.08218,0.200513,0.387911,0.000290127,1974.79
161,0.689,-1,1.08415,0.200478,0.384644,0.000333829,1974.75
162,0.689,-1,1.08253,0.200308,0.384435,0.000122689,1974.62
163,0.689,-1,1.0849,0.200258,0.384567,0.000311602,1974.73
164,0.689,-1,1.08139,0.200503,0.382767,0.000196203,1974.73
165,0.689,-1,1.08491,0.199645,0.384443,0.000222127,1974.87
166,0.69,-1,1.08396,0.200395,0.384416,0.000194646,1974.99
167,0.69,-1,1.08509,0.201017,0.384969,0.000157505,1975.01
168,0.69,-1,1.0858,0.200962,0.38548,0.00025398,1975.05
169,0.69,-1,1.09689,0.200125,0.384034,0.000237237,1975.27
170,0.69,0.617,1.08669,0.200687,0.387808,0.000243152,1975.09
171,0.6915,-1,1.08678,0.200944,0.383864,0.000183232,1975.17
172,0.692,-1,1.08539,0.201885,0.385408,0.000285364,1975.08
173,0.692,-1,1.08489,0.200171,0.384762,0.000169125,1975.03
174,0.692,-1,1.08425,0.200479,0.384197,0.000150956,1975.01
175,0.692,-1,1.08747,0.2007,0.384129,0.000130791,1974.94
176,0.692,-1,1.0851,0.199504,0.384013,0.000139922,1974.76
177,0.692,-1,1.0855,0.199918,0.385534,0.000205658,1974.8
178,0.692,-1,1.08774,0.201035,0.384646,0.000193135,1975.03
179,0.692,-1,1.08814,0.200309,0.384399,0.000243479,1975.21
180,0.692,0.63,1.08716,0.200579,0.388431,0.000194683,1975.21
181,0.692,-1,1.08774,0.201196,0.384164,0.000144261,1975.17
182,0.692,-1,1.08933,0.201213,0.385517,0.000405935,1975.37
183,0.692,-1,1.09215,0.200589,0.385461,0.000184873,1975.23
184,0.697,-1,1.08795,0.200127,0.385629,0.00011676,1975.18
185,0.697,-1,1.09024,0.200279,0.384722,0.000220198,1974.99
186,0.697,-1,1.08706,0.200758,0.385036,0.00013691,1974.99
187,0.697,-1,1.08777,0.200528,0.38534,0.000406733,1975.19
188,0.697,-1,1.08729,0.201513,0.385543,0.000270728,1975.47
189,0.697,-1,1.08895,0.200933,0.385288,0.000141779,1975.3
190,0.697,0.619,1.0857,0.2034,0.38917,0.000233157,1975.26
191,0.697,-1,1.08689,0.199981,0.385933,0.000114152,1975.31
192,0.697,-1,1.08721,0.200441,0.386717,0.000218688,1975.35
193,0.697,-1,1.08593,0.20056,0.384907,0.000297589,1975.3
194,0.697,-1,1.08789,0.200447,0.385337,0.000164059,1975.33
195,0.697,-1,1.08728,0.200367,0.384832,0.000192881,1975.46
196,0.697,-1,1.0854,0.201156,0.385116,0.000162538,1975.35
197,0.697,-1,1.08296,0.200965,0.385251,0.000174009,1975.18
198,0.697,-1,1.08359,0.199908,0.384517,0.000276527,1975.01
199,0.697,0.619,1.08357,0.20032,0.386744,0.000281002,1975.15
